{"cameraMode":{"drawMode":0,"name":"Shaded","section":"Shading Mode"},"sceneLighting":true,"audioPlay":false,"sceneViewState":{"m_AlwaysRefresh":false,"showFog":true,"showSkybox":true,"showFlares":true,"showImageEffects":true,"showParticleSystems":true,"showVisualEffectGraphs":true,"m_FxEnabled":true},"in2DMode":false,"pivot":{"x":14.822187423706055,"y":1.4576478004455567,"z":-97.39826965332031},"rotation":{"x":0.06978413462638855,"y":-0.02344297617673874,"z":-0.0022411791142076256,"w":-0.9973381161689758},"size":12.12435531616211,"orthographic":true}